BARCODE_ID,BARCODE,ID
index_8nt_2,aacgccaa,SNM_EN_M_01
index_10nt_2,ccagaaccaa,MOB_EN_C_01
index_8nt_3,cggtccaa,REN_EN_C_03
index_9nt_3,aggtaccaa,MOB_EN_S_03
index_10nt_3,aggtaaccaa,MAL_EN_C_03
index_8nt_4,ctcagcaa,TRQ_EN_F_01
index_9nt_4,tgaagccaa,MOB_EN_S_02
index_8nt_5,agacgcaa,MAL_EN_M_02
index_9nt_5,aaccgccaa,RGG_EN_C_03
index_10nt_5,tcgcgaccaa,ABQ_EN_S_03
index_8nt_6,tctggcaa,MAL_EN_N_03
index_9nt_6,gttggccaa,MTB_EN_F_02
index_10nt_6,atcggaccaa,GUN_EN_F_02
index_8nt_7,tagatcaa,REN_EN_HS_01
index_9nt_7,ctgatccaa,RGG_EN_C_02
index_10nt_7,cattgaccaa,PAS_EN_X_02
index_8nt_8,gttctcaa,RGG_EN_S_02
index_9nt_8,tctctccaa,REN_EN_S_03
index_10nt_8,ctgataccaa,REN_EN_HS_03
index_9nt_9,aataagcaa,MAL_EN_C_02
index_10nt_9,accaagccaa,REN_EN_S_02
index_8nt_10,cagcagaa,MOB_EN_G_03
index_9nt_10,cgccagcaa,MTB_EN_F_03
index_10nt_10,cgtcagccaa,LOG_EN_S_03
index_8nt_11,tgagagaa,SLV_EN_M_01
index_9nt_11,tcggagcaa,REN_EN_HC_03
index_10nt_11,taggagccaa,REN_EN_HC_02
index_8nt_12,gtctcgaa,DRY_EN_N_02
index_9nt_12,gtatagcaa,SLV_EN_O_01
index_10nt_12,gtatagccaa,SNM_EN_S_01
index_8nt_13,ggtaggaa,BOU_EN_C_02
index_9nt_13,ccaacgcaa,ABQ_EN_S_01
index_10nt_13,gatacgccaa,TES_EN_C_02
index_8nt_14,ccatggaa,MAL_EN_M_03
index_9nt_14,gagccgcaa,SNM_EN_C_03
index_10nt_16,tcttatccaa,BOU_EN_S_03
index_8nt_15,ggccataa,TES_EN_N_02
index_9nt_15,atcgcgcaa,TRE_EN_F_03
index_10nt_17,ttaactccaa,SLV_EN_O_02
index_8nt_16,atggataa,TES_EN_N_01
index_9nt_16,tacttgcaa,SLV_EN_O_03
index_10nt_18,gccgctccaa,REN_EN_HC_01
index_8nt_17,catactaa,SNM_EN_S_02
index_9nt_17,ccttatcaa,TES_EN_S_03
index_10nt_23,tgcgaagcaa,SNM_EN_M_02
index_8nt_18,ttacctaa,MAL_EN_N_01
index_9nt_18,ggtactcaa,BOU_EN_C_03
index_10nt_24,taaccagcaa,BOU_EN_S_02
index_8nt_19,gaaggtaa,SLV_EN_M_02
index_9nt_19,ttacctcaa,TRE_EN_F_02
index_10nt_25,cttgcagcaa,DRY_EN_N_01
index_9nt_20,acgagtcaa,REN_EN_S_01
index_10nt_31,agaaccgcaa,RGG_EN_S_01
index_8nt_21,gtcgacca,REN_EN_C_01
index_9nt_21,gcagttcaa,BOU_EN_C_01
index_10nt_37,agcctggcaa,ABQ_EN_S_02
index_8nt_22,aattacca,RGG_EN_C_01
index_10nt_38,ggtaatgcaa,PAS_EN_X_03
index_8nt_23,ataatcca,MTB_EN_F_01
index_9nt_23,tgagaagaa,LOG_EN_S_01
index_10nt_41,ggtccatcaa,TRQ_EN_F_03
index_8nt_24,cgcctcca,MOB_EN_C_03
index_9nt_24,aggccagaa,TES_EN_M_02
index_10nt_43,tccatatcaa,SNM_EN_M_03
index_8nt_25,cgaacgca,TES_EN_M_03
index_9nt_25,catgcagaa,TES_EN_S_02
index_10nt_47,ttacgctcaa,MOB_EN_G_02
index_8nt_26,acgccgca,SLV_EN_M_03
index_9nt_26,gcatcagaa,SNM_EN_C_02
index_8nt_27,gatgcgca,MOB_EN_S_01
index_9nt_27,ataagagaa,GUN_EN_F_03
index_10nt_56,gacgcaagaa,BOU_EN_S_01
index_8nt_28,gtacggca,TES_EN_N_03
index_9nt_28,cgctgagaa,SLV_EN_F_02
index_10nt_57,ccgtcaagaa,REN_EN_C_02
index_8nt_29,cttcatca,MOB_EN_C_02
index_9nt_29,tccatagaa,RGG_EN_S_03
index_10nt_58,tcaagaagaa,SLV_EN_F_01
index_8nt_30,gcatatca,LOG_EN_S_02
index_9nt_30,tagaacgaa,SLV_EN_F_03
index_10nt_59,ctccgaagaa,DRY_EN_N_03
index_8nt_31,tccgctca,PAS_EN_X_01
index_9nt_31,actgacgaa,TES_EN_C_03
index_10nt_60,ggttgaagaa,TES_EN_M_01
index_8nt_32,agcagtca,SNM_EN_C_01
index_9nt_32,ggcgccgaa,TES_EN_S_01
index_10nt_62,ttggtaagaa,MAL_EN_N_02
index_8nt_33,gagcttca,TRE_EN_F_01
index_9nt_33,ccgcgcgaa,SNM_EN_S_03
index_10nt_63,tggaccagaa,GUN_EN_F_01
index_8nt_34,gcgcaaga,MAL_EN_M_01
index_9nt_34,ttattcgaa,MAL_EN_C_01
index_10nt_104,tcctcttgaa,REN_EN_HS_02
index_9nt_35,ggaatggaa,MOB_EN_G_01
index_10nt_114,tctcgcataa,TRQ_EN_F_02
index_8nt_36,agctaaga,TES_EN_C_01
index_9nt_36,attctggaa,MOB_EN_C_04
index_10nt_130,aagttgctaa,GUN_EN_F_06
index_8nt_37,aatccaga,MOB_EN_S_05
index_9nt_37,agcaatgaa,REN_EN_S_01
index_10nt_138,atagtcgtaa,SNM_EN_M_07
index_8nt_38,cctagaga,MAL_EN_N_02
index_9nt_38,ctggatgaa,GUN_EN_F_02
index_10nt_143,tgcaacttaa,MAL_EN_M_04
index_8nt_39,ggaataga,RGG_EN_S_04
index_9nt_39,caacttgaa,TES_EN_M_03
index_10nt_148,aagccaacca,MEE_EN_F_01
index_8nt_40,ttcgtaga,DRY_EN_N_02
index_9nt_40,cttcaataa,MOB_EN_G_04
index_8nt_41,cttgccga,GUN_EN_F_04
index_9nt_41,aaggaataa,MAL_EN_N_06
index_10nt_150,cgctcaacca,MAL_EN_M_02
index_8nt_42,gaccgcga,MAL_EN_N_05
index_9nt_42,ttctcataa,REN_EN_H_03
index_10nt_151,ataagaacca,SLV_EN_O_01
index_8nt_43,acgttcga,DRY_EN_N_01
index_9nt_43,gatagataa,SLV_EN_F_05
index_10nt_152,cctcgaacca,TRE_EN_F_01
index_8nt_44,tataagga,SLV_EN_M_06
index_9nt_44,ccaggataa,TRQ_EN_F_06
index_10nt_153,gtcctaacca,ABQ_EN_S_07
index_8nt_45,ctgatgga,MOB_EN_C_02
index_9nt_45,gcgctataa,REN_EN_S_05
index_10nt_155,ctgcagacca,SLV_EN_M_03
index_8nt_46,tggactga,TES_EN_M_04
index_9nt_46,agattataa,MAL_EN_C_02
index_10nt_162,cttattacca,MAL_EN_C_04
index_8nt_47,actgaata,LOG_EN_S_07
index_9nt_47,gtaacctaa,SLV_EN_O_04
index_10nt_164,accgttacca,PAS_EN_X_01
index_8nt_48,tagtaata,TES_EN_N_06
index_9nt_48,cagtcctaa,ABQ_EN_S_05
index_10nt_165,cagagagcca,LOG_EN_S_03
index_8nt_49,gtagcata,SLV_EN_F_03
index_9nt_49,acctagtaa,ABQ_EN_S_03
index_10nt_167,cattacgcca,MOB_EN_C_07
index_8nt_50,atccgata,REN_EN_C_03
index_9nt_50,tggacgtaa,SNM_EN_M_05
index_10nt_173,ctatcggcca,MOB_EN_G_06
index_8nt_51,gccttata,TES_EN_C_02
index_9nt_51,gctgcgtaa,LOG_EN_S_01
index_10nt_176,tgagctgcca,SLV_EN_O_03
index_8nt_52,tgctgcta,ABQ_EN_S_01
index_9nt_52,ctcaggtaa,SNM_EN_M_03
index_10nt_185,acctcgtcca,RGG_EN_S_02
index_8nt_53,ccagtcta,BRG_EN_F_02
index_9nt_53,taacggtaa,SLV_EN_M_02
index_10nt_188,cgaggaagca,MAL_EN_N_07
index_8nt_54,atatagta,REN_EN_C_01
index_9nt_54,aatccttaa,SNM_EN_M_02
index_8nt_55,aagaggta,REN_EN_S_06
index_10nt_191,aggcgcagca,MOB_EN_S_07
index_8nt_56,ttcaatta,PAS_EN_X_03
index_10nt_192,catctcagca,TES_EN_M_02
index_8nt_57,ccgcgtta,MOB_EN_G_07
index_9nt_57,ggttaacca,TRQ_EN_F_02
index_10nt_195,aattggagca,MOB_EN_S_01
index_8nt_58,cctccaac,MAL_EN_N_01
index_9nt_58,gtcagacca,GUN_EN_F_05
index_10nt_200,caggaacgca,ABQ_EN_S_04
index_8nt_59,ttgcgaac,REN_EN_H_01
index_9nt_59,agacgacca,LOG_EN_S_04
index_10nt_211,aactctcgca,SLV_EN_M_04
index_9nt_60,cctatacca,MAL_EN_C_05
index_10nt_213,aatgcaggca,LIM_EN_F_03
index_8nt_61,acctgaac,BOU_EN_C_03
index_9nt_61,cttgagcca,TRQ_EN_F_03
index_10nt_215,ttggacggca,MAL_EN_M_05
index_8nt_62,aatataac,MOB_EN_S_06
index_9nt_62,actccgcca,SLV_EN_M_01
index_10nt_218,ttaattggca,TES_EN_M_01
index_8nt_63,gcggtaac,TES_EN_N_04
index_9nt_63,ggagcgcca,REN_EN_C_02
index_10nt_221,cataattgca,DRY_EN_N_04
index_8nt_64,cttaagac,SLV_EN_F_01
index_9nt_64,cggaggcca,DRY_EN_N_03
index_10nt_222,agaacttgca,SLV_EN_F_07
index_8nt_65,gacgagac,RGG_EN_S_07
index_9nt_65,ataatgcca,REN_EN_S_02
index_10nt_225,caattaatca,TES_EN_S_02
index_8nt_66,aggacgac,MAL_EN_N_03
index_9nt_66,gcgttgcca,RGG_EN_S_05
index_10nt_227,ttatgcatca,REN_EN_S_04
index_8nt_67,tattggac,MAL_EN_M_01
index_9nt_67,tagactcca,REN_EN_H_05
index_10nt_231,tattctatca,TRQ_EN_F_05
index_8nt_68,cgcttgac,REN_EN_S_03
index_9nt_68,gatcgtcca,TES_EN_M_07
index_10nt_239,gcttgcctca,DRY_EN_N_06
index_8nt_69,taggctac,BOU_EN_S_02
index_9nt_69,ctccttcca,PAS_EN_X_07
index_10nt_243,agcatgctca,TES_EN_N_02
index_8nt_70,gtcattac,GUN_EN_F_07
index_10nt_244,actaatctca,MAL_EN_N_04
index_8nt_71,caacttac,SNM_EN_M_01
index_9nt_71,aactcagca,SLV_EN_M_07
index_10nt_249,attcgcgtca,RGG_EN_C_04
index_8nt_72,gatcaacc,TRQ_EN_F_07
index_9nt_72,gaaggagca,RGG_EN_C_05
index_10nt_251,tccaaggtca,MAL_EN_M_07
index_8nt_73,gcaagacc,TES_EN_S_03
index_9nt_73,atggtagca,BOU_EN_S_01
index_10nt_253,catatggtca,REN_EN_H_07
index_8nt_74,agccagcc,TES_EN_C_07
index_9nt_74,cgtaacgca,TES_EN_C_03
index_10nt_256,ggcgtattca,TES_EN_M_05
index_8nt_75,ccagagcc,REN_EN_H_06
index_9nt_75,gtctacgca,MOB_EN_C_01
index_10nt_260,cgaaccaaga,BOU_EN_C_01
index_8nt_76,ttatcgcc,MAL_EN_M_03
index_9nt_76,acgaccgca,BOU_EN_S_03
index_8nt_77,tcgatgcc,TRE_EN_F_05
index_9nt_77,agcctcgca,TES_EN_S_05
index_10nt_262,acgtccaaga,RGG_EN_S_03
index_8nt_78,cagtatcc,LOG_EN_S_02
index_9nt_78,ccagtcgca,ABQ_EN_S_06
index_8nt_79,actactcc,TES_EN_C_01
index_9nt_79,tggcaggca,RGG_EN_S_06
index_10nt_264,atactcaaga,BOU_EN_C_02
index_8nt_80,ggacctcc,TES_EN_C_06
index_9nt_80,gatacggca,TES_EN_M_06
index_10nt_265,cagaagaaga,TRE_EN_F_06
index_8nt_81,ctcggtcc,LIM_EN_F_04
index_9nt_81,tccgctgca,ABQ_EN_S_02
index_10nt_274,aggattaaga,SLV_EN_O_02
index_8nt_82,ggcgcagc,TRE_EN_F_07
index_9nt_82,cggtctgca,SNM_EN_M_04
index_10nt_290,agataagaga,PAS_EN_X_06
index_8nt_83,ccattagc,SLV_EN_O_05
index_9nt_83,cgcgcatca,RGG_EN_S_01
index_10nt_302,tatacggaga,MOB_EN_G_03
index_8nt_84,cgcaacgc,SLV_EN_F_06
index_9nt_84,ttgcgatca,RGG_EN_C_06
index_10nt_306,cgcgaataga,MOB_EN_C_05
index_8nt_85,atagacgc,SLV_EN_F_04
index_9nt_85,acttgatca,MOB_EN_G_01
index_10nt_312,ttcagctaga,MOB_EN_C_06
index_8nt_86,gcttacgc,MEE_EN_F_07
index_9nt_86,agagactca,LOG_EN_S_06
index_10nt_320,tcaacgacga,TES_EN_C_04
index_8nt_87,gagaccgc,REN_EN_H_02
index_9nt_87,gccggctca,TRQ_EN_F_04
index_10nt_336,ctctgatcga,TES_EN_S_07
index_8nt_88,gttccggc,MEE_EN_F_05
index_9nt_88,ctatgctca,TES_EN_N_07
index_10nt_340,attggaagga,TRQ_EN_F_01
index_8nt_89,aactcggc,PAS_EN_X_05
index_9nt_89,gagatctca,TES_EN_C_05
index_10nt_345,caggttagga,SLV_EN_O_06
index_8nt_90,ctaactgc,MOB_EN_C_03
index_9nt_90,ggcaagtca,TES_EN_S_06
index_8nt_91,atgcttgc,MEE_EN_F_03
index_9nt_91,ccgaattca,DRY_EN_N_07
index_10nt_355,atatgctgga,TES_EN_S_04
index_8nt_92,cggcaatc,TES_EN_N_01
index_9nt_92,gaatattca,DRY_EN_N_05
index_10nt_356,ggaatctgga,SNM_EN_M_06
index_8nt_93,ctctcatc,RGG_EN_C_02
index_10nt_357,agtcattgga,MEE_EN_F_02
index_8nt_94,ggttgatc,MEE_EN_F_04
index_10nt_363,tagcatatga,LIM_EN_F_02
index_8nt_95,catgactc,SLV_EN_O_07
index_9nt_95,ggctcaaga,SLV_EN_F_02
index_10nt_370,ttatatctga,GUN_EN_F_03
index_8nt_96,acggcctc,GUN_EN_F_01
index_10nt_371,ccagttctga,RGG_EN_C_07
index_8nt_97,attagctc,MOB_EN_S_04
index_9nt_97,aatcgaaga,MAL_EN_M_06
index_10nt_373,cggtccttga,SLV_EN_M_05
index_8nt_98,tgactctc,RGG_EN_C_01
index_9nt_98,ctcataaga,MOB_EN_G_02
index_10nt_376,acgccgttga,MAL_EN_C_03
index_8nt_99,gcgaattc,TES_EN_N_03
index_9nt_99,gaggtaaga,MAL_EN_C_06
index_10nt_379,tgcggcaata,MEE_EN_F_06
index_8nt_100,gattcaag,PAS_EN_X_02
index_9nt_100,cgaaccaga,REN_EN_S_07
index_10nt_402,gccgacgata,MOB_EN_G_05
index_8nt_101,ctaataag,BRG_EN_F_01
index_9nt_101,gtccgcaga,MOB_EN_S_03
index_10nt_412,tataactata,TRE_EN_F_04
index_8nt_102,acgagcag,TES_EN_N_05
index_9nt_102,cctggcaga,MAL_EN_C_07
index_10nt_420,ccgcctacta,TRE_EN_F_03
index_8nt_103,ggcggcag,MOB_EN_S_02
index_9nt_103,aacttcaga,LOG_EN_S_05
index_10nt_422,tgagtaccta,LIM_EN_F_01
index_8nt_104,tctacgag,RGG_EN_C_03
index_9nt_104,acgaagaga,REN_EN_H_04
index_10nt_423,ctaaggccta,EUR_02_S_01
index_9nt_105,ggtcagaga,EUR_07_C_01
index_10nt_426,cctatagcta,EUR_15_S_02
index_10nt_432,tcctactcta,TES_EN_S_01
index_8nt_109,cggagacg,EUR_02_S_02
index_9nt_109,agacttaga,EUR_07_C_02
index_10nt_433,ttggtctcta,EUR_15_S_03
index_10nt_441,ctacttagta,PAS_EN_X_04
index_8nt_113,ggtaaccg,EUR_02_S_03
index_9nt_113,cgcgtccga,EUR_09_C_01
index_10nt_446,taagccggta,EUR_05_S_03
index_10nt_449,cgcattggta,MAL_EN_C_01
index_8nt_117,catatgcg,EUR_04_S_01
index_9nt_117,atgcggcga,EUR_09_C_02
index_10nt_451,tccgcgatta,EUR_07_C_03
index_10nt_457,cctcggctta,BRG_EN_F_03
index_8nt_121,agaaccgg,EUR_04_S_02
index_9nt_121,cagagagga,EUR_09_C_03
index_10nt_458,tcattgctta,EUR_10_C_03
index_10nt_461,ggagaagtta,TRE_EN_F_02
index_8nt_125,atcgctgg,EUR_04_S_03
index_9nt_125,gctatcgga,EUR_10_C_01
index_10nt_467,ttcaaccaac,EUR_05_S_01
index_8nt_130,gttacttg,EUR_10_C_02
index_10nt_473,ctacggcaac,EUR_05_S_02
index_8nt_134,gcgcggat,EUR_15_S_01